{
    "robots": [
        {
            "instanceId": "2fb92471-cd65-4d4e-a3a5-c0b1fa6f3c57",
            "position": [
                -8.2966794499123253,
                62.03379294786096,
                51.633231672250758,
                9.3470202045499714E-06,
                66.332980388844618,
                171.7033195826285
            ],
            "currentTcp": {
                "name": "Tcp",
                "component": "90b0f97d-8cf7-43eb-8dd0-25223952ce75"
            }
        }
    ],
    "lastUsedCamera": {
        "name": "lastUsedCamera",
        "position": {
            "X": 3103.791,
            "Y": -1490.44238,
            "Z": 1154.27441
        },
        "upVector": {
            "X": -0.2886007,
            "Y": -0.0508810356,
            "Z": 0.956096649
        },
        "target": {
            "X": 281.6172,
            "Y": 172.788208,
            "Z": 390.9055
        },
        "height": 1321.34241,
        "width": 1321.34241
    }
}