{
    "robots": [
        {
            "instanceId": "2fb92471-cd65-4d4e-a3a5-c0b1fa6f3c57",
            "position": [
                -4.6918012286279751,
                16.316531332764033,
                75.285165900007755,
                8.6258018996467959E-06,
                88.398302653542672,
                175.30819780391283
            ],
            "currentTcp": {
                "name": "Tcp",
                "component": "90b0f97d-8cf7-43eb-8dd0-25223952ce75"
            }
        }
    ],
    "lastUsedCamera": {
        "name": "lastUsedCamera",
        "position": {
            "X": 1336.85327,
            "Y": 1324.56958,
            "Z": 739.442932
        },
        "upVector": {
            "X": -0.242366135,
            "Y": -0.138998449,
            "Z": 0.9601761
        },
        "target": {
            "X": 571.9244,
            "Y": -251.93927,
            "Z": 318.139862
        },
        "height": 707.9726,
        "width": 707.9726
    }
}