{
    "robots": [
        {
            "instanceId": "2fb92471-cd65-4d4e-a3a5-c0b1fa6f3c57",
            "position": [
                -2.8396224975585938,
                39.090385437011719,
                43.560276031494141,
                -0.03353118896484375,
                98.0196533203125,
                177.20193481445313
            ],
            "currentTcp": {
                "name": "Tcp",
                "component": "4e305ceb-6356-4548-b0fb-ac3f999479ca"
            }
        }
    ],
    "lastUsedCamera": {
        "name": "lastUsedCamera",
        "position": {
            "X": 1684.17346,
            "Y": -1652.37183,
            "Z": 794.777
        },
        "upVector": {
            "X": -0.278303921,
            "Y": -0.0358170755,
            "Z": 0.959825039
        },
        "target": {
            "X": 149.614487,
            "Y": -64.7149353,
            "Z": 409.072784
        },
        "height": 880.541931,
        "width": 880.541931
    }
}