{
    "robots": [
        {
            "instanceId": "2fb92471-cd65-4d4e-a3a5-c0b1fa6f3c57",
            "position": [
                89.383247375488281,
                45.693870544433594,
                89.363601684570313,
                -4.0408172607421875,
                -45.836978912353516,
                182.85055541992188
            ],
            "currentTcp": {
                "name": "Tcp",
                "component": "4e305ceb-6356-4548-b0fb-ac3f999479ca"
            }
        }
    ],
    "lastUsedCamera": {
        "name": "lastUsedCamera",
        "position": {
            "X": 1138.45447,
            "Y": 606.11554,
            "Z": 768.9031
        },
        "upVector": {
            "X": -0.3172438,
            "Y": -0.250075817,
            "Z": 0.9147779
        },
        "target": {
            "X": -43.94687,
            "Y": 483.178131,
            "Z": 325.23996
        },
        "height": 498.455078,
        "width": 498.455078
    }
}