{
    "robots": [
        {
            "instanceId": "2fb92471-cd65-4d4e-a3a5-c0b1fa6f3c57",
            "position": [
                -47.378447291061356,
                36.725281714282,
                66.185407321637314,
                180.69030490761284,
                -77.823475931448769,
                -47.528373358437726
            ],
            "currentTcp": {
                "name": "Tcp",
                "component": "90b0f97d-8cf7-43eb-8dd0-25223952ce75"
            }
        }
    ],
    "lastUsedCamera": {
        "name": "lastUsedCamera",
        "position": {
            "X": 666.508057,
            "Y": -511.587646,
            "Z": 402.324371
        },
        "upVector": {
            "X": -0.248400986,
            "Y": 0.0121123251,
            "Z": 0.968581557
        },
        "target": {
            "X": 457.485535,
            "Y": -346.694275,
            "Z": 346.656738
        },
        "height": 106.848167,
        "width": 106.848167
    }
}