{
    "robots": [
        {
            "instanceId": "2fb92471-cd65-4d4e-a3a5-c0b1fa6f3c57",
            "position": [
                -53.3519975504657,
                41.638878822054146,
                75.809656126373042,
                0.66548320672006067,
                63.352559042617848,
                126.34533104051611
            ],
            "currentTcp": {
                "name": "Tcp",
                "component": "90b0f97d-8cf7-43eb-8dd0-25223952ce75"
            }
        }
    ],
    "lastUsedCamera": {
        "name": "lastUsedCamera",
        "position": {
            "X": 820.939453,
            "Y": -1112.0387,
            "Z": 1571.11792
        },
        "upVector": {
            "X": -0.05132465,
            "Y": 0.8300724,
            "Z": 0.5552887
        },
        "target": {
            "X": 470.643066,
            "Y": -233.329834,
            "Z": 225.203857
        },
        "height": 646.252441,
        "width": 646.252441
    }
}