{
    "robots": [
        {
            "instanceId": "2fb92471-cd65-4d4e-a3a5-c0b1fa6f3c57",
            "position": [
                -2.8399770259857178,
                38.930625915527344,
                44.609649658203125,
                -0.033512834459543228,
                97.130172729492188,
                -182.79774475097656
            ],
            "currentTcp": {
                "name": "Tcp",
                "component": "90b0f97d-8cf7-43eb-8dd0-25223952ce75"
            }
        }
    ],
    "lastUsedCamera": {
        "name": "lastUsedCamera",
        "position": {
            "X": 210.302521,
            "Y": 3370.35,
            "Z": 1196.38708
        },
        "upVector": {
            "X": 0.4723918,
            "Y": -0.260416955,
            "Z": 0.8420386
        },
        "target": {
            "X": 62.9133,
            "Y": 71.53822,
            "Z": 258.851563
        },
        "height": 1348.45715,
        "width": 1348.45715
    }
}